1636946100000,65759.99000000,65760.00000000,65600.00000000,65656.28000000,216.44879000,1636946999999,14210162.34166130,7917,90.47424000,5939328.76094870,0
1636947000000,65656.28000000,65995.00000000,65647.02000000,65824.94000000,346.62551000,1636947899999,22803877.80682470,9690,203.95013000,13419702.53891660,0
1636947900000,65824.93000000,65847.54000000,65640.00000000,65712.65000000,195.51828000,1636948799999,12850281.48587170,7296,101.37442000,6662294.05927280,0
1636948800000,65712.66000000,65849.39000000,65712.65000000,65809.46000000,262.77966000,1636949699999,17292370.00914760,12046,105.63596000,6951562.87436580,0
1636949700000,65809.45000000,65868.06000000,65699.41000000,65785.93000000,469.35497000,1636950599999,30866329.04676050,12403,285.17149000,18749158.82841110,0
1636950600000,65785.93000000,65807.70000000,65727.74000000,65753.25000000,101.21880000,1636951499999,6656116.02277540,10280,61.12175000,4019227.72498410,0
1636951500000,65753.24000000,66000.00000000,65698.01000000,65766.41000000,265.70876000,1636952399999,17488527.38082720,11750,164.57704000,10835657.26217630,0
1636952400000,65766.41000000,65838.04000000,65750.20000000,65801.84000000,120.78995000,1636953299999,7945909.93049790,9878,58.52738000,3849931.62439310,0
1636953300000,65801.83000000,65913.86000000,65790.57000000,65799.01000000,166.78643000,1636954199999,10981370.72791210,10973,94.55306000,6225243.33950810,0
1636954200000,65799.02000000,65865.89000000,65749.02000000,65752.43000000,244.05944000,1636955099999,16057636.73333680,11156,161.92804000,10654182.89852020,0
1636955100000,65752.42000000,65796.18000000,65666.42000000,65696.49000000,178.35401000,1636955999999,11723476.71469300,11422,87.44454000,5747529.82235860,0
1636956000000,65696.50000000,65735.65000000,65610.00000000,65731.99000000,224.05923000,1636956899999,14713902.84927770,8024,117.79145000,7735732.49027510,0
1636956900000,65731.99000000,65812.99000000,65703.93000000,65809.12000000,110.65698000,1636957799999,7276219.54830500,5932,52.49125000,3451636.45159280,0
1636957800000,65809.13000000,65834.00000000,65750.01000000,65764.26000000,149.57055000,1636958699999,9840460.15570750,6749,57.85055000,3806094.50931920,0
1636958700000,65764.26000000,65787.74000000,65642.05000000,65666.01000000,198.23917000,1636959599999,13021614.07281040,8129,100.82104000,6622604.57571230,0
1636959600000,65666.00000000,65738.04000000,65596.50000000,65734.62000000,208.89633000,1636960499999,13714259.60016980,11035,96.37260000,6327232.40448710,0
1636960500000,65734.62000000,65734.62000000,65609.30000000,65625.95000000,157.19390000,1636961399999,10322756.86500190,9646,67.21290000,4414128.43603180,0
1636961400000,65625.95000000,65665.38000000,65475.01000000,65515.99000000,274.27313000,1636962299999,17988748.90847160,12244,112.27546000,7363928.61003770,0
1636962300000,65516.00000000,65619.80000000,65512.29000000,65579.71000000,174.54102000,1636963199999,11443798.59896690,9583,86.83977000,5693518.34941800,0
1636963200000,65579.71000000,65675.00000000,65400.00000000,65454.33000000,384.65799000,1636964099999,25206082.37591550,13553,185.46284000,12151500.86734220,0
1636964100000,65454.32000000,65454.33000000,65244.47000000,65349.76000000,482.50555000,1636964999999,31523220.21895780,17091,219.80410000,14359510.00074330,0
1636965000000,65349.76000000,65550.55000000,65316.16000000,65539.93000000,404.49553000,1636965899999,26471796.26927080,11887,242.64802000,15878734.22026010,0
1636965900000,65539.94000000,65835.00000000,65512.31000000,65735.32000000,348.43196000,1636966799999,22898787.97846390,12997,196.94807000,12943000.14507700,0
1636966800000,65735.33000000,66336.81000000,65663.47000000,66296.02000000,712.60503000,1636967699999,47054440.24893800,25178,417.89161000,27600391.14285260,0
1636967700000,66296.02000000,66401.82000000,65982.40000000,66091.81000000,565.94817000,1636968599999,37434889.63784450,22490,256.97901000,16994708.20580670,0
1636968600000,66091.81000000,66120.00000000,65799.92000000,65831.73000000,329.39203000,1636969499999,21720305.57338450,11362,149.10402000,9832984.78846150,0
1636969500000,65831.73000000,66041.19000000,65830.00000000,65975.13000000,276.07611000,1636970399999,18208947.44319230,8972,145.66864000,9607591.10703730,0
1636970400000,65975.13000000,66008.24000000,65801.00000000,65878.38000000,248.78927000,1636971299999,16389575.61246380,8624,100.39875000,6613297.91318860,0
1636971300000,65878.39000000,65950.00000000,65726.92000000,65741.85000000,239.80964000,1636972199999,15798656.47767910,8643,96.08348000,6329399.99641570,0
1636972200000,65741.86000000,65910.00000000,65736.78000000,65874.98000000,153.44295000,1636973099999,10104061.82517540,8061,82.57153000,5437537.62466490,0
1636973100000,65870.13000000,66045.00000000,65772.36000000,65921.36000000,246.21999000,1636973999999,16230048.34966750,9469,146.71300000,9670204.25064150,0
1636974000000,65920.00000000,65948.83000000,65839.34000000,65858.26000000,162.52975000,1636974899999,10707203.06026760,8457,75.28992000,4960082.95746630,0
1636974900000,65858.27000000,65877.00000000,65722.40000000,65756.40000000,214.08001000,1636975799999,14086472.46657440,8012,82.22630000,5410413.20043360,0
1636975800000,65756.40000000,65831.23000000,65624.15000000,65776.92000000,278.42567000,1636976699999,18306631.30234720,10520,141.42627000,9299836.78677930,0
1636976700000,65776.91000000,65776.92000000,65657.64000000,65733.06000000,280.54647000,1636977599999,18435841.71688840,8492,128.32654000,8432913.05095920,0
1636977600000,65734.45000000,65836.18000000,65638.99000000,65698.90000000,331.09796000,1636978499999,21755867.50677450,14319,156.04120000,10253780.28611190,0
1636978500000,65698.90000000,65809.52000000,65537.99000000,65745.76000000,351.85932000,1636979399999,23102654.83536460,14145,160.92620000,10566880.06693560,0
1636979400000,65745.76000000,65946.63000000,65726.59000000,65836.91000000,260.45150000,1636980299999,17142186.26066290,13328,131.08654000,8628158.13264910,0
1636980300000,65836.91000000,65870.14000000,65649.28000000,65663.19000000,581.77598000,1636981199999,38244487.37014080,14129,372.27239000,24468352.01736370,0
1636981200000,65663.19000000,65760.00000000,65634.30000000,65742.40000000,1003.94166000,1636982099999,65958949.26008180,16846,759.09678000,49870560.96615150,0
1636982100000,65742.39000000,65749.00000000,65512.01000000,65518.50000000,406.61538000,1636982999999,26678851.69484550,11643,181.95649000,11936910.39879410,0
1636983000000,65518.49000000,65570.88000000,65350.56000000,65454.98000000,425.40100000,1636983899999,27844654.71409260,15520,222.83745000,14586012.98111540,0
1636983900000,65454.98000000,65500.00000000,65349.00000000,65489.09000000,262.33161000,1636984799999,17168477.32169470,9934,140.91833000,9221908.20314600,0
1636984800000,65489.09000000,65493.20000000,65150.00000000,65300.00000000,476.94856000,1636985699999,31162937.13974490,19048,238.42458000,15577499.61529060,0
1636985700000,65299.99000000,65353.69000000,64936.32000000,65128.52000000,648.12489000,1636986599999,42189887.22415260,21962,269.03933000,17517358.65241870,0
1636986600000,65128.52000000,65267.30000000,65048.17000000,65162.05000000,352.59350000,1636987499999,22975844.19248200,11710,180.70343000,11775055.72839520,0
1636987500000,65162.05000000,65162.05000000,64770.00000000,64851.00000000,597.16711000,1636988399999,38770535.42179550,21203,249.39722000,16190448.84451880,0
1636988400000,64851.00000000,64899.40000000,64400.00000000,64673.01000000,2195.46420000,1636989299999,141914532.59834580,46919,1038.70978000,67140383.18550220,0
1636989300000,64673.01000000,64783.76000000,64535.89000000,64598.98000000,373.18808000,1636990199999,24127297.64988620,17485,194.70468000,12587896.79361990,0
1636990200000,64598.98000000,64675.00000000,64320.01000000,64332.68000000,538.66092000,1636991099999,34738286.54290630,20046,259.33381000,16724972.29234600,0
1636991100000,64332.67000000,64600.78000000,63993.17000000,64288.16000000,875.98127000,1636991999999,56332020.86624210,32083,385.41618000,24802104.44337980,0
1636992000000,64288.16000000,64444.18000000,64047.93000000,64122.18000000,736.18425000,1636992899999,47291086.17768240,24208,443.50909000,28486678.82571720,0
1636992900000,64122.18000000,64300.00000000,63900.00000000,64121.99000000,752.53856000,1636993799999,48239702.53626590,26317,332.47112000,21318278.46913690,0
1636993800000,64112.57000000,64426.54000000,64000.00000000,64143.07000000,508.03227000,1636994699999,32646947.39788220,20971,253.58263000,16296495.07741030,0
1636994700000,64143.07000000,64279.48000000,63950.60000000,64275.70000000,426.62617000,1636995599999,27341855.88434550,19867,197.43251000,12654408.25162680,0
1636995600000,64273.15000000,64385.93000000,64104.03000000,64372.41000000,315.91022000,1636996499999,20295410.94279970,12218,141.97693000,9122180.82316420,0
1636996500000,64372.45000000,64444.61000000,64181.70000000,64269.44000000,408.76345000,1636997399999,26276765.52270250,11320,236.59587000,15208583.45781740,0
1636997400000,64269.43000000,64368.30000000,64216.36000000,64325.66000000,220.95556000,1636998299999,14209626.23917340,8836,101.19497000,6507366.75533190,0
1636998300000,64325.66000000,64330.01000000,64006.34000000,64036.99000000,605.09374000,1636999199999,38814699.65176850,12833,204.51516000,13118646.85370110,0
1636999200000,64037.00000000,64182.25000000,63934.88000000,63967.23000000,447.38523000,1637000099999,28649652.69049120,13877,196.78307000,12602079.70429490,0
1637000100000,63967.23000000,64080.78000000,63830.00000000,63994.32000000,402.31085000,1637000999999,25728065.66739740,13899,201.71638000,12900782.37564860,0
1637001000000,63999.97000000,64037.27000000,63796.49000000,63797.11000000,306.96829000,1637001899999,19617000.80670510,10837,121.21127000,7746675.14312330,0
1637001900000,63796.54000000,63887.62000000,63624.54000000,63812.79000000,461.68976000,1637002799999,29432059.73817440,18551,205.57284000,13104771.68117890,0
1637002800000,63812.79000000,63941.85000000,63650.54000000,63936.10000000,355.11524000,1637003699999,22650237.47183330,12810,184.26255000,11752310.31835670,0
1637003700000,63936.09000000,64078.59000000,63818.64000000,64026.17000000,282.15336000,1637004599999,18044924.47857860,12090,158.77784000,10155724.70597360,0
1637004600000,64028.28000000,64280.79000000,63987.91000000,64240.66000000,353.28834000,1637005499999,22657112.55015250,11834,221.78243000,14223165.31941090,0
1637005500000,64237.49000000,64320.33000000,64120.34000000,64265.90000000,399.23319000,1637006399999,25638831.27245380,12560,217.66965000,13978953.66349580,0
1637006400000,64265.91000000,64265.91000000,63910.03000000,64077.82000000,307.61235000,1637007299999,19702388.69361480,12550,147.45951000,9444634.43113700,0
1637007300000,64077.82000000,64077.82000000,63798.74000000,63813.12000000,252.00991000,1637008199999,16104891.53467770,9197,107.38035000,6862764.99397110,0
1637008200000,63813.12000000,63950.00000000,63766.89000000,63818.72000000,237.88646000,1637009099999,15190259.35787140,9876,117.67511000,7514011.16143810,0
1637009100000,63818.71000000,64211.81000000,63793.01000000,63903.43000000,476.74957000,1637009999999,30512768.64963630,12674,299.23713000,19155372.28805490,0
1637010000000,63903.43000000,63934.08000000,63400.00000000,63830.07000000,730.99922000,1637010899999,46529221.01091340,27542,279.60864000,17802955.19191700,0
1637010900000,63830.06000000,64012.29000000,63721.56000000,63798.75000000,242.67718000,1637011799999,15505331.52433350,9443,126.51925000,8083410.80783560,0
1637011800000,63798.75000000,63987.49000000,63759.28000000,63892.04000000,258.90022000,1637012699999,16535761.32506240,9035,123.90866000,7913766.95765750,0
1637012700000,63892.04000000,64000.00000000,63846.90000000,63878.30000000,271.54516000,1637013599999,17356096.01195530,9129,114.77560000,7337063.86527990,0
1637013600000,63880.41000000,63890.89000000,63603.53000000,63606.36000000,282.97037000,1637014499999,18039141.45280680,10503,132.19295000,8427025.20513180,0
1637014500000,63604.01000000,63645.30000000,63411.38000000,63601.08000000,384.70452000,1637015399999,24447335.83838340,14719,195.28747000,12411085.90231650,0
1637015400000,63601.08000000,63778.04000000,63597.44000000,63756.84000000,169.50928000,1637016299999,10798822.76256000,8720,89.43669000,5697283.16530560,0
1637016300000,63756.83000000,64025.48000000,63756.83000000,63989.25000000,296.59427000,1637017199999,18951821.75117750,9971,145.43043000,9293260.46373850,0
1637017200000,63989.24000000,63989.24000000,63815.50000000,63874.14000000,183.93678000,1637018099999,11752495.66143410,7571,84.07243000,5371874.62735280,0
1637018100000,63874.13000000,63998.69000000,63640.00000000,63665.00000000,174.02459000,1637018999999,11106192.55050390,7485,85.64862000,5466084.71580110,0
1637019000000,63664.99000000,63828.67000000,63556.00000000,63828.67000000,264.85263000,1637019899999,16865626.69485130,8299,138.96332000,8849639.42860220,0
1637019900000,63828.67000000,63846.79000000,63500.00000000,63606.74000000,270.40840000,1637020799999,17226215.15835450,9404,119.69030000,7626152.54205420,0
1637020800000,63606.73000000,63617.31000000,62511.48000000,62792.95000000,2245.67980000,1637021699999,141509812.91759090,67475,862.81486000,54349358.82329350,0
1637021700000,62792.95000000,62968.56000000,62550.49000000,62611.82000000,831.82455000,1637022599999,52201627.71642850,31123,364.01467000,22847474.23708350,0
1637022600000,62611.83000000,62905.46000000,62510.06000000,62790.77000000,721.66845000,1637023499999,45259797.77896990,21860,302.20847000,18953833.22365510,0
1637023500000,62790.77000000,62979.42000000,62462.91000000,62540.03000000,965.97820000,1637024399999,60558370.23079390,27500,417.81938000,26198968.21388500,0
1637024400000,62540.02000000,62636.16000000,60980.00000000,62029.58000000,4922.95383000,1637025299999,303943324.75859320,133960,1912.60450000,118145596.36901130,0
1637025300000,62029.59000000,62170.00000000,61637.65000000,61905.00000000,1311.46286000,1637026199999,81193611.63591550,37269,558.10673000,34552944.11796170,0
1637026200000,61905.00000000,62155.29000000,61600.00000000,62150.00000000,1013.67063000,1637027099999,62654956.25163270,25545,626.60802000,38728035.80334970,0
1637027100000,62146.88000000,62304.61000000,62014.91000000,62110.10000000,517.92650000,1637027999999,32189268.77927210,18448,251.05225000,15603858.56365650,0
1637028000000,62110.09000000,62199.00000000,61826.71000000,62172.01000000,563.29587000,1637028899999,34936553.78289040,17815,243.31966000,15091483.08989620,0
1637028900000,62172.02000000,62206.80000000,62029.50000000,62041.33000000,455.41436000,1637029799999,28295997.33742090,14389,199.70975000,12408613.64735620,0
1637029800000,62041.34000000,62047.84000000,61750.00000000,61832.43000000,482.88053000,1637030699999,29891297.31124120,15119,224.75725000,13910086.09310860,0
1637030700000,61832.44000000,61967.95000000,61500.00000000,61620.62000000,562.82047000,1637031599999,34724506.14572000,18841,263.50133000,16257279.08310990,0
1637031600000,61620.62000000,61806.18000000,61358.59000000,61786.47000000,1229.63518000,1637032499999,75636722.35890010,27117,812.00264000,49932031.07621770,0
1637032500000,61786.47000000,61806.95000000,60501.00000000,60882.33000000,1529.43210000,1637033399999,93435325.77682730,43542,579.60517000,35432414.48749750,0
1637033400000,60882.33000000,61295.88000000,60440.00000000,60655.60000000,1457.73869000,1637034299999,88628994.51324770,44160,633.92930000,38559826.17665950,0
1637034300000,60655.60000000,61216.11000000,60422.20000000,60907.41000000,1269.58090000,1637035199999,77277564.57249120,32515,655.17451000,39883291.90769110,0
1637035200000,60907.40000000,61117.10000000,60415.00000000,60500.58000000,1187.50630000,1637036099999,72077532.34813020,31086,502.60162000,30516161.49963800,0
1637036100000,60500.57000000,61267.40000000,60322.20000000,61106.09000000,1335.13003000,1637036999999,81132293.06338270,35774,674.07034000,40992113.56880670,0
1637037000000,61109.44000000,61600.00000000,61017.04000000,61355.06000000,969.63451000,1637037899999,59455976.67591900,26919,507.31591000,31115516.57015900,0
1637037900000,61355.05000000,61547.46000000,61170.00000000,61211.43000000,588.75240000,1637038799999,36100337.52636500,17025,249.53947000,15302693.87287290,0
1637038800000,61205.75000000,61333.53000000,61001.00000000,61034.89000000,457.65037000,1637039699999,27987335.46128720,15363,224.72478000,13744371.80043260,0
1637039700000,61036.11000000,61415.72000000,61029.89000000,61332.63000000,474.96337000,1637040599999,29081360.73628080,13451,244.68902000,14984955.83593470,0
1637040600000,61332.62000000,61523.55000000,60742.92000000,61293.65000000,1982.97033000,1637041499999,120985652.17674430,31858,1327.23650000,80932299.03987840,0
1637041500000,61293.65000000,61293.65000000,60750.60000000,60927.51000000,621.71019000,1637042399999,37910615.98251010,18068,203.80628000,12430623.55338520,0
1637042400000,60927.50000000,60997.76000000,60668.00000000,60977.00000000,600.49413000,1637043299999,36541358.42196070,20808,280.67311000,17081686.70216500,0
1637043300000,60977.00000000,60997.98000000,60315.33000000,60367.08000000,912.34594000,1637044199999,55310254.92351110,25792,352.01192000,21343708.42502870,0
1637044200000,60367.08000000,60825.83000000,60293.06000000,60627.80000000,771.76738000,1637045099999,46746789.18217950,22184,406.88929000,24647740.29856610,0
1637045100000,60627.79000000,60913.25000000,60627.38000000,60830.44000000,654.38939000,1637045999999,39792077.50566490,16667,379.43099000,23071466.85463170,0
1637046000000,60830.43000000,61054.40000000,60751.40000000,60796.58000000,601.65443000,1637046899999,36651404.40108400,17313,321.12007000,19561481.29182210,0
1637046900000,60796.58000000,60912.45000000,60636.23000000,60761.79000000,391.88537000,1637047799999,23810457.89358300,12965,198.51858000,12061751.67055950,0
1637047800000,60761.78000000,60950.00000000,60420.00000000,60557.58000000,639.72251000,1637048699999,38756172.04962210,17863,290.26155000,17585243.48051810,0
1637048700000,60557.57000000,60815.81000000,60414.08000000,60805.27000000,629.07377000,1637049599999,38121942.23848200,16147,260.53946000,15792218.91966750,0
1637049600000,60804.07000000,60949.99000000,60573.51000000,60757.25000000,625.98240000,1637050499999,38058262.14593350,20513,307.94677000,18723645.73887320,0
1637050500000,60757.25000000,60928.09000000,60629.86000000,60743.53000000,563.93712000,1637051399999,34264819.74369970,16146,297.97368000,18101776.41671650,0
1637051400000,60738.41000000,60997.79000000,60716.26000000,60983.01000000,424.83603000,1637052299999,25861108.93419610,14212,246.66190000,15015647.44853810,0
1637052300000,60983.01000000,61062.76000000,60810.01000000,61000.63000000,477.54988000,1637053199999,29120379.01056370,14258,237.64259000,14490676.17276380,0
1637053200000,61000.63000000,61470.41000000,60673.14000000,60781.18000000,1187.81688000,1637054099999,72326668.76156110,27560,648.78226000,39508104.53338600,0
1637054100000,60778.14000000,60778.14000000,60449.92000000,60567.61000000,614.72340000,1637054999999,37232008.71552590,18919,256.69311000,15545773.36326180,0
1637055000000,60567.61000000,60572.99000000,60214.00000000,60420.11000000,1064.74678000,1637055899999,64288602.04966820,26411,437.88039000,26443271.91415300,0
1637055900000,60420.11000000,60650.00000000,60200.00000000,60200.00000000,1534.99450000,1637056799999,92612187.62281040,28613,455.56705000,27512549.90577830,0
1637056800000,60200.00000000,60269.71000000,58574.07000000,58610.01000000,5669.15982000,1637057699999,337256418.58342658,160261,2219.04424000,131975876.79151760,0
1637057700000,58601.01000000,59374.55000000,58601.01000000,59259.84000000,2525.90901000,1637058599999,149283420.91182740,75084,1185.38386000,70056888.37873050,0
1637058600000,59259.83000000,59938.19000000,59100.00000000,59926.68000000,1631.51580000,1637059499999,97188261.38885790,48437,836.39831000,49836152.22875570,0
1637059500000,59926.67000000,60288.19000000,59669.61000000,60160.00000000,1314.61216000,1637060399999,78744831.00521460,36357,705.01373000,42240255.66172390,0
1637060400000,60160.00000000,60517.20000000,60011.00000000,60338.15000000,1493.31660000,1637061299999,90047887.69063220,39848,853.21305000,51446895.93789160,0
1637061300000,60338.15000000,60495.66000000,60168.00000000,60483.07000000,562.02913000,1637062199999,33880299.52650200,19419,284.13978000,17129941.93626360,0
1637062200000,60483.08000000,60642.23000000,60272.34000000,60375.05000000,704.17852000,1637063099999,42595770.20498720,23672,342.02387000,20691731.41513130,0
1637063100000,60375.06000000,60656.95000000,60355.18000000,60574.49000000,588.89354000,1637063999999,35631389.43100480,18888,288.99315000,17486621.88778430,0
1637064000000,60576.76000000,60846.40000000,60315.60000000,60760.00000000,1025.01686000,1637064899999,62073713.20354420,34069,545.16920000,33017382.29670200,0
1637064900000,60760.01000000,60883.05000000,60614.53000000,60616.30000000,604.39589000,1637065799999,36721633.99864380,22444,297.59314000,18082629.87427540,0
1637065800000,60616.30000000,60707.66000000,60425.87000000,60514.18000000,503.64649000,1637066699999,30502129.94343580,18379,237.61301000,14390489.70211020,0
1637066700000,60514.17000000,60537.11000000,60020.00000000,60038.95000000,788.44925000,1637067599999,47511140.07101420,25266,361.94314000,21809379.83394040,0
1637067600000,60038.94000000,60380.64000000,60031.95000000,60240.01000000,538.65502000,1637068499999,32442292.92542500,19775,301.41961000,18154431.08601160,0
1637068500000,60240.00000000,60580.19000000,60231.03000000,60434.02000000,456.71438000,1637069399999,27603328.51403610,16640,229.39373000,13865269.88995140,0
1637069400000,60434.02000000,60739.16000000,60280.01000000,60692.00000000,491.54141000,1637070299999,29746180.23658450,18315,256.67359000,15534946.32415830,0
1637070300000,60690.67000000,60776.04000000,60466.21000000,60534.45000000,507.43702000,1637071199999,30753232.17158390,18732,256.53706000,15548674.72803490,0
1637071200000,60534.44000000,60949.71000000,60452.09000000,60696.58000000,881.59659000,1637072099999,53529118.57874400,26763,431.25922000,26180407.91709270,0
1637072100000,60696.57000000,60841.67000000,60606.00000000,60721.23000000,566.43875000,1637072999999,34406467.06637780,20479,257.83929000,15660675.09717040,0
1637073000000,60721.24000000,61168.40000000,60611.42000000,61163.89000000,817.48863000,1637073899999,49798573.94250070,26610,433.55273000,26404412.82086090,0
1637073900000,61163.89000000,61427.00000000,60883.51000000,60903.26000000,932.06529000,1637074799999,57005324.97845480,30290,489.85051000,29969535.97286730,0
1637074800000,60902.33000000,61087.29000000,60762.98000000,60925.31000000,567.50595000,1637075699999,34584119.44180270,20472,279.19474000,17015263.77199650,0
1637075700000,60925.32000000,61004.34000000,60794.44000000,60855.17000000,328.66607000,1637076599999,20007208.80484570,13665,163.13374000,9930781.87572560,0
1637076600000,60855.17000000,60964.61000000,60704.30000000,60780.00000000,374.75740000,1637077499999,22795388.15574020,15080,149.89285000,9118231.91293370,0
1637077500000,60780.01000000,60836.72000000,60568.95000000,60669.14000000,386.67102000,1637078399999,23470249.08814000,14880,182.00755000,11046652.04163840,0
1637078400000,60669.15000000,60855.42000000,60528.00000000,60729.75000000,641.23539000,1637079299999,38918093.38629410,18847,313.23596000,19010000.32094920,0
1637079300000,60729.74000000,60923.18000000,60519.84000000,60548.11000000,374.11180000,1637080199999,22694407.99139640,14325,185.05574000,11224871.25671710,0
1637080200000,60548.11000000,60632.65000000,60350.01000000,60534.94000000,373.47608000,1637081099999,22607769.44437710,14066,150.37116000,9103219.15066730,0
1637081100000,60534.95000000,60714.20000000,60524.37000000,60647.89000000,353.79618000,1637081999999,21449386.68016470,12206,180.72017000,10955760.60685430,0
1637082000000,60647.89000000,60784.30000000,60647.89000000,60730.76000000,278.04091000,1637082899999,16884941.08218610,11425,143.13735000,8691990.55456280,0
1637082900000,60730.75000000,60762.91000000,60536.60000000,60577.73000000,257.48555000,1637083799999,15611444.51944750,10518,110.48876000,6698953.61201900,0
1637083800000,60572.46000000,60586.18000000,60160.01000000,60469.68000000,585.97286000,1637084699999,35357444.45386810,18872,214.59305000,12951184.99849630,0
1637084700000,60469.68000000,60616.19000000,60401.00000000,60460.00000000,299.77512000,1637085599999,18134400.65623540,11193,145.56485000,8805020.70622280,0
1637085600000,60460.00000000,60637.00000000,60460.00000000,60565.75000000,234.17718000,1637086499999,14181282.87520810,11822,117.46078000,7113104.24850990,0
1637086500000,60565.75000000,60625.00000000,60343.22000000,60366.59000000,265.01713000,1637087399999,16026731.22158620,12427,116.61103000,7052543.87438360,0
1637087400000,60371.62000000,60489.38000000,60107.00000000,60239.34000000,429.07069000,1637088299999,25858327.12887570,17668,201.07662000,12117596.01529990,0
1637088300000,60239.33000000,60279.00000000,59810.00000000,59900.01000000,614.23559000,1637089199999,36906655.24576770,21039,240.52098000,14456253.22671930,0
1637089200000,59900.01000000,60462.09000000,59810.23000000,60292.87000000,593.75239000,1637090099999,35738688.71306480,20555,329.80414000,19847091.81337440,0
1637090100000,60292.87000000,60403.00000000,60119.62000000,60402.99000000,278.46324000,1637090999999,16793510.55972730,11401,135.79269000,8190028.55149160,0
1637091000000,60403.00000000,60612.19000000,60001.00000000,60066.72000000,419.95999000,1637091899999,25309139.97552050,15099,203.05704000,12240633.67493540,0
1637091900000,60066.71000000,60249.59000000,59728.27000000,60204.47000000,564.83980000,1637092799999,33846847.26469070,20106,257.55977000,15433787.30327670,0
1637092800000,60204.47000000,60204.47000000,59842.68000000,59903.57000000,351.89334000,1637093699999,21113339.41387690,13671,155.87322000,9352844.58207640,0
1637093700000,59903.56000000,60292.69000000,59578.56000000,59663.36000000,766.53186000,1637094599999,45811771.26977600,24946,384.79857000,23008725.05109810,0
1637094600000,59663.36000000,59723.85000000,59219.83000000,59346.54000000,746.04516000,1637095499999,44353725.21323750,28859,337.22906000,20047775.96681350,0
1637095500000,59346.55000000,59798.79000000,59105.26000000,59719.92000000,857.45219000,1637096399999,50988364.34403230,25798,466.84262000,27774931.51250440,0
1637096400000,59720.76000000,60655.99000000,59645.28000000,60588.07000000,996.35251000,1637097299999,60092558.68969730,29296,541.73780000,32662459.80602010,0
1637097300000,60588.06000000,60914.81000000,60344.81000000,60393.03000000,588.93565000,1637098199999,35724200.79017540,20728,273.13992000,16570210.91548530,0
1637098200000,60393.02000000,60700.00000000,60321.05000000,60489.99000000,363.81902000,1637099099999,22017656.23715660,12554,160.80438000,9731083.28193430,0
1637099100000,60489.99000000,60552.80000000,60258.41000000,60453.49000000,332.25975000,1637099999999,20065081.02080960,11587,148.81534000,8987548.12488890,0
1637100000000,60453.50000000,60659.64000000,60369.15000000,60629.92000000,229.24012000,1637100899999,13872929.09897080,12635,113.61322000,6876131.87271630,0
1637100900000,60629.99000000,60832.75000000,60481.93000000,60829.95000000,258.24432000,1637101799999,15651886.90563090,13230,116.21339000,7043868.14866140,0
1637101800000,60829.94000000,61199.65000000,60641.51000000,60725.42000000,490.58247000,1637102699999,29887243.39629240,23352,289.90539000,17672520.36275850,0
1637102700000,60725.42000000,60725.43000000,60569.45000000,60569.46000000,188.11160000,1637103599999,11408796.01475680,8638,79.62220000,4828952.56246150,0
1637103600000,60568.38000000,60673.99000000,60410.53000000,60444.04000000,240.03774000,1637104499999,14535655.17918900,9955,102.88870000,6230948.24469580,0
1637104500000,60444.04000000,60495.39000000,60331.30000000,60382.95000000,247.90690000,1637105399999,14975730.41593850,9228,103.57597000,6256788.26003520,0
1637105400000,60382.94000000,60470.00000000,60188.58000000,60302.55000000,259.80216000,1637106299999,15670505.87815580,9684,124.10237000,7485067.02942080,0
1637106300000,60302.55000000,60358.01000000,60000.00000000,60058.87000000,317.67047000,1637107199999,19113816.93161440,11533,124.02368000,7463154.55943510,0
1637107200000,60058.87000000,60437.68000000,59777.00000000,60107.12000000,715.89518000,1637108099999,43007039.17085550,22715,348.56890000,20945256.12344370,0
1637108100000,60109.93000000,60308.80000000,59550.00000000,59730.95000000,711.14748000,1637108999999,42563132.48964830,21667,280.26754000,16780686.28379300,0
1637109000000,59730.95000000,60000.00000000,59578.14000000,59638.19000000,396.73422000,1637109899999,23733789.75908910,14864,192.07821000,11489525.36680700,0
1637109900000,59638.19000000,59819.04000000,59450.00000000,59712.06000000,466.65742000,1637110799999,27826823.96563350,15045,215.86099000,12873561.38558140,0
1637110800000,59712.06000000,59910.36000000,59524.45000000,59777.93000000,530.97516000,1637111699999,31686450.39723830,16613,258.08495000,15402998.42233840,0
1637111700000,59777.93000000,60204.83000000,59680.97000000,60132.48000000,538.39236000,1637112599999,32273671.37567000,14419,270.46104000,16210714.79385450,0
1637112600000,60132.47000000,60275.44000000,59974.87000000,60092.54000000,427.50332000,1637113499999,25700067.09825430,13095,188.03902000,11303747.36371580,0
1637113500000,60092.53000000,60144.03000000,59230.76000000,59317.37000000,683.37589000,1637114399999,40722501.14052860,23600,304.83733000,18168166.33914300,0
1637114400000,59317.38000000,59538.70000000,59082.21000000,59360.38000000,725.16664000,1637115299999,43007228.22962750,21536,365.46189000,21675983.34622380,0
1637115300000,59360.38000000,59674.16000000,59252.76000000,59580.01000000,528.69054000,1637116199999,31471000.09582350,12938,256.10300000,15242765.22553590,0
1637116200000,59580.00000000,59737.62000000,59310.00000000,59310.01000000,689.08649000,1637117099999,40992896.70673490,12071,218.84094000,13024855.55787310,0
1637117100000,59310.01000000,59505.45000000,59250.00000000,59371.88000000,499.85927000,1637117999999,29670419.17109900,13903,201.03606000,11935062.94245640,0
1637118000000,59371.88000000,59552.22000000,58765.55000000,58779.85000000,899.83418000,1637118899999,53131263.23793290,26871,336.32527000,19866449.00203450,0
1637118900000,58779.85000000,59520.00000000,58553.12000000,59501.21000000,1132.48075000,1637119799999,66699894.80401230,31227,568.52103000,33503374.06895780,0
1637119800000,59501.20000000,59770.00000000,59153.99000000,59346.18000000,877.71278000,1637120699999,52219011.60031380,21484,418.39663000,24890885.27684440,0
1637120700000,59339.62000000,59563.00000000,58983.53000000,59039.99000000,606.94549000,1637121599999,35978361.18895400,14510,295.91103000,17550739.78627240,0
1637121600000,59042.00000000,59210.52000000,58719.73000000,58719.73000000,576.27388000,1637122499999,34003433.25493170,17460,273.47908000,16139576.56724430,0
1637122500000,58719.73000000,59334.96000000,58580.00000000,59314.20000000,728.83974000,1637123399999,42950535.29031680,20369,342.51360000,20193080.74915260,0
1637123400000,59314.21000000,59495.53000000,59106.29000000,59249.92000000,446.37060000,1637124299999,26476888.26015720,14821,237.13094000,14064912.00745770,0
1637124300000,59249.93000000,59436.62000000,58901.86000000,59417.21000000,369.00906000,1637125199999,21826030.61082850,13955,190.30542000,11258381.12699080,0
1637125200000,59417.22000000,59585.29000000,59243.03000000,59475.09000000,319.93044000,1637126099999,19025975.59589400,12878,170.70866000,10152147.02629780,0
1637126100000,59475.09000000,59696.28000000,59351.25000000,59404.42000000,403.60595000,1637126999999,24032647.34685340,11230,178.84143000,10649504.48421300,0
1637127000000,59404.43000000,59750.39000000,59395.06000000,59613.01000000,284.24346000,1637127899999,16951872.21320950,10567,124.12493000,7401553.71188920,0
1637127900000,59613.00000000,59820.99000000,59459.38000000,59594.03000000,377.05117000,1637128799999,22464685.68440290,11780,173.95792000,10365857.59348410,0
1637128800000,59594.04000000,59714.28000000,59350.00000000,59456.15000000,257.55915000,1637129699999,15331921.67785240,11900,126.98388000,7559237.19819680,0
1637129700000,59448.50000000,59620.01000000,59288.16000000,59560.00000000,316.49445000,1637130599999,18815340.45137530,17835,155.06324000,9218809.39514490,0
1637130600000,59560.00000000,59797.57000000,59550.00000000,59591.72000000,344.13935000,1637131499999,20538361.63507210,13003,188.27479000,11235926.86374560,0
1637131500000,59591.73000000,59698.04000000,59328.73000000,59607.99000000,320.83511000,1637132399999,19088578.18884480,11993,163.52353000,9729354.08674180,0
1637132400000,59607.99000000,59750.39000000,59429.24000000,59457.99000000,343.12435000,1637133299999,20440016.09307580,12210,173.48623000,10337751.15795010,0
1637133300000,59457.99000000,59550.00000000,59350.00000000,59438.45000000,291.09788000,1637134199999,17300783.97941690,10468,150.05088000,8917082.38838840,0
1637134200000,59438.45000000,60076.30000000,59430.00000000,60016.00000000,762.49911000,1637135099999,45604868.37714040,18509,417.40928000,24963235.12763550,0
1637135100000,60016.00000000,60142.85000000,59646.64000000,59688.00000000,551.33811000,1637135999999,33063446.38713390,16996,265.63239000,15933042.46312870,0
1637136000000,59691.90000000,59889.42000000,59571.42000000,59841.20000000,429.70600000,1637136899999,25675545.03386340,12196,212.81388000,12715146.80265450,0
1637136900000,59841.20000000,60023.00000000,59699.62000000,59725.22000000,777.23295000,1637137799999,46542700.61301990,13726,379.20075000,22705153.24345850,0
1637137800000,59725.22000000,59816.32000000,59616.23000000,59736.14000000,174.83716000,1637138699999,10439151.66928720,8315,87.13187000,5202705.95053780,0
1637138700000,59736.14000000,59900.00000000,59570.01000000,59586.18000000,367.74133000,1637139599999,21948911.71189200,10935,181.07824000,10807713.74325230,0
1637139600000,59586.19000000,59591.93000000,59192.69000000,59219.89000000,541.82887000,1637140499999,32165463.36062880,16747,248.70063000,14763888.44082050,0
1637140500000,59214.07000000,59500.00000000,59058.35000000,59132.03000000,590.40982000,1637141399999,34986456.51003320,16235,267.14073000,15834424.23707690,0
1637141400000,59132.03000000,59285.71000000,59000.00000000,59267.26000000,432.85223000,1637142299999,25615935.76204780,12473,195.88449000,11592320.17878830,0
1637142300000,59267.26000000,59361.93000000,58800.00000000,58926.02000000,738.91482000,1637143199999,43600790.50317300,21768,302.18011000,17833379.02900970,0
1637143200000,58926.02000000,59200.00000000,58879.02000000,59058.93000000,421.84644000,1637144099999,24914002.72033030,14348,214.46064000,12667304.48669290,0
1637144100000,59058.94000000,59249.44000000,59054.78000000,59089.72000000,312.91069000,1637144999999,18510144.70958040,12010,163.12951000,9650015.16549200,0
1637145000000,59089.73000000,60114.72000000,58373.00000000,59786.64000000,2154.75925000,1637145899999,127515405.87825340,61821,1117.02569000,66242468.25441490,0
1637145900000,59800.80000000,60601.03000000,59547.97000000,60508.03000000,1460.81421000,1637146799999,87973609.16502130,41354,793.37346000,47782011.37334610,0
1637146800000,60514.99000000,60642.84000000,60315.04000000,60472.96000000,1323.85144000,1637147699999,80035472.34655210,28270,712.82117000,43094756.65516930,0
1637147700000,60472.95000000,60690.00000000,60400.61000000,60553.62000000,820.60678000,1637148599999,49693029.51236730,21231,377.89197000,22885624.42627790,0
1637148600000,60553.62000000,60618.96000000,60317.42000000,60396.25000000,616.16941000,1637149499999,37237150.52918560,16635,276.51915000,16709348.69142250,0
1637149500000,60396.25000000,60840.23000000,60380.58000000,60762.83000000,578.86764000,1637150399999,35071348.36300280,15397,337.00006000,20422863.36260740,0
1637150400000,60762.33000000,60822.27000000,60555.87000000,60664.15000000,440.04895000,1637151299999,26693070.84122790,15840,210.92331000,12794124.37731000,0
1637151300000,60663.09000000,60663.09000000,60476.98000000,60501.86000000,373.47687000,1637152199999,22614912.52834470,12267,161.77735000,9794945.61882650,0
1637152200000,60505.73000000,60629.60000000,60417.64000000,60549.86000000,275.59307000,1637153099999,16682016.11930910,10230,130.99568000,7929405.80804900,0
1637153100000,60549.86000000,60591.33000000,60429.49000000,60455.91000000,239.14032000,1637153999999,14468388.97375510,10018,113.61409000,6873650.78047560,0
1637154000000,60455.92000000,60600.00000000,60307.74000000,60426.87000000,368.90717000,1637154899999,22295525.80407720,13635,206.78381000,12498177.95846390,0
1637154900000,60427.28000000,60464.92000000,60229.56000000,60291.60000000,289.42352000,1637155799999,17453964.14504920,10845,115.14392000,6943650.48211170,0
1637155800000,60291.61000000,60426.87000000,60222.01000000,60263.01000000,225.46081000,1637156699999,13601296.72248830,9711,119.98711000,7238642.04934060,0
1637156700000,60263.01000000,60339.56000000,60001.77000000,60103.08000000,419.63401000,1637157599999,25253499.13588350,14133,186.36052000,11215484.52612730,0
1637157600000,60103.12000000,60320.00000000,60095.95000000,60152.94000000,298.39207000,1637158499999,17968976.65992180,12526,162.62393000,9793174.59182860,0
1637158500000,60152.95000000,60300.00000000,59982.55000000,60270.20000000,479.37158000,1637159399999,28831644.63627310,15113,212.67832000,12795738.62426180,0
1637159400000,60270.21000000,60458.38000000,59800.00000000,59871.01000000,764.60403000,1637160299999,45871906.24495590,21197,374.98324000,22501784.51214240,0
1637160300000,59875.34000000,59946.08000000,59582.37000000,59612.55000000,529.56255000,1637161199999,31623980.98361620,15952,262.74794000,15689899.30364920,0
1637161200000,59612.55000000,59729.82000000,59494.74000000,59553.01000000,493.78334000,1637162099999,29431699.32297360,16458,214.85681000,12808461.70824830,0
1637162100000,59553.00000000,59660.61000000,59334.23000000,59460.40000000,534.70765000,1637162999999,31819750.01896320,18798,260.75840000,15518505.18027060,0
1637163000000,59460.40000000,59680.00000000,59362.29000000,59537.42000000,432.92212000,1637163899999,25767420.69127840,15866,220.62639000,13129275.06195060,0
1637163900000,59535.99000000,59800.00000000,59527.02000000,59664.49000000,317.14914000,1637164799999,18911981.43345180,12766,181.30794000,10811224.26041340,0
1637164800000,59664.50000000,59900.00000000,59404.75000000,59900.00000000,565.40240000,1637165699999,33686671.40646060,17117,304.27504000,18126460.91799670,0
1637165700000,59900.00000000,60045.34000000,59550.32000000,59973.63000000,719.10393000,1637166599999,43032129.26638800,18742,395.32758000,23669042.68305910,0
1637166600000,59975.70000000,60367.00000000,59784.82000000,60258.76000000,752.07634000,1637167499999,45231255.25921350,19713,343.40589000,20657963.70769720,0
1637167500000,60257.61000000,60449.75000000,60212.20000000,60388.99000000,381.47816000,1637168399999,23016321.57696780,14735,199.94555000,12063206.35129860,0
1637168400000,60389.00000000,60425.72000000,60040.76000000,60078.72000000,428.52342000,1637169299999,25809227.11431110,13015,174.59695000,10512820.06600060,0
1637169300000,60078.73000000,60233.63000000,60001.12000000,60103.58000000,258.85939000,1637170199999,15564217.08210690,11306,140.67898000,8458546.04618020,0
1637170200000,60106.57000000,60300.00000000,59990.00000000,60089.99000000,303.62656000,1637171099999,18261729.65884580,11040,154.65289000,9302502.85991010,0
1637171100000,60090.00000000,60484.32000000,60070.04000000,60236.02000000,358.12170000,1637171999999,21579505.52274300,12469,182.06239000,10970600.62739510,0
1637172000000,60232.98000000,60448.31000000,60206.92000000,60384.10000000,361.60722000,1637172899999,21816842.99898300,11517,188.18311000,11352827.56891650,0
1637172900000,60384.10000000,60550.00000000,60355.10000000,60545.99000000,366.43271000,1637173799999,22156962.21829640,13681,196.52144000,11884392.41291260,0
1637173800000,60541.31000000,60574.98000000,60300.00000000,60477.37000000,398.77715000,1637174699999,24105133.15356870,12069,157.89190000,9545412.47001350,0
1637174700000,60477.37000000,60642.85000000,60420.93000000,60470.65000000,271.23742000,1637175599999,16416475.75610430,11494,140.73994000,8517929.39112950,0
1637175600000,60470.65000000,60672.13000000,60350.51000000,60381.00000000,288.29694000,1637176499999,17451994.40811790,12786,144.67690000,8758802.77860600,0
1637176500000,60380.99000000,60419.17000000,60227.66000000,60388.01000000,281.72147000,1637177399999,16991524.47919390,11117,145.42646000,8771358.24773260,0
1637177400000,60386.00000000,60436.90000000,60170.48000000,60217.34000000,201.97879000,1637178299999,12178128.57604930,9386,97.95011000,5906334.49319290,0
1637178300000,60217.34000000,60330.01000000,60092.86000000,60212.49000000,244.94215000,1637179199999,14745057.98726010,10389,116.14874000,6992931.40209580,0
1637179200000,60212.48000000,60369.08000000,60101.52000000,60131.41000000,328.42277000,1637180099999,19781872.68238990,14968,170.15139000,10248039.30618750,0
1637180100000,60131.42000000,60222.07000000,60021.00000000,60145.89000000,234.03705000,1637180999999,14064609.73712200,13669,123.82694000,7441477.27136080,0
1637181000000,60145.89000000,60575.08000000,60092.92000000,60478.76000000,454.30849000,1637181899999,27439933.28307610,17619,242.51221000,14647861.84844330,0
1637181900000,60478.76000000,60539.80000000,60297.02000000,60395.51000000,289.66565000,1637182799999,17497644.82465670,13796,157.47172000,9512348.69538700,0
1637182800000,60395.51000000,60405.81000000,60041.02000000,60128.27000000,306.93845000,1637183699999,18471806.76160680,12904,148.49075000,8935418.90461940,0
1637183700000,60128.27000000,60192.23000000,59738.40000000,59793.61000000,593.89965000,1637184599999,35592983.14992040,18752,275.01508000,16483214.74924920,0
1637184600000,59793.62000000,59945.75000000,59793.62000000,59916.80000000,255.93033000,1637185499999,15323542.67151860,11256,141.46307000,8469882.36218930,0
1637185500000,59916.80000000,60100.00000000,59812.27000000,60098.62000000,280.85277000,1637186399999,16838331.03577500,10968,154.89883000,9287911.94050790,0
1637186400000,60098.62000000,60125.90000000,59905.03000000,60064.43000000,230.06063000,1637187299999,13807095.40604760,9507,115.60037000,6938249.49011570,0
1637187300000,60064.43000000,60071.65000000,59620.66000000,59806.08000000,309.69623000,1637188199999,18519904.23836620,13351,146.39153000,8752617.53508240,0
1637188200000,59806.09000000,60050.00000000,59766.87000000,59944.54000000,221.03379000,1637189099999,13231890.54786660,8983,127.57337000,7637814.01251830,0
1637189100000,59944.55000000,59983.38000000,59800.00000000,59969.01000000,204.59181000,1637189999999,12252187.35950670,7697,96.67265000,5789756.25277530,0
1637190000000,59969.02000000,60098.99000000,59784.81000000,59830.51000000,218.60813000,1637190899999,13110354.79734390,8620,93.07627000,5582646.34896420,0
1637190900000,59827.51000000,60047.25000000,59821.55000000,60043.82000000,160.38383000,1637191799999,9619578.29810500,7040,89.82856000,5387754.43574460,0
1637191800000,60043.82000000,60086.12000000,59936.45000000,60022.43000000,144.20717000,1637192699999,8651503.03311250,6605,63.64554000,3818469.42115850,0
1637192700000,60022.43000000,60494.04000000,60021.23000000,60344.87000000,526.16719000,1637193599999,31741552.78166990,13646,263.34046000,15883860.23722390,0
1637193600000,60344.86000000,60577.45000000,60125.17000000,60504.85000000,476.23522000,1637194499999,28753589.31065950,15235,232.31252000,14028564.72665640,0
1637194500000,60504.85000000,60740.46000000,60399.99000000,60485.00000000,363.60947000,1637195399999,22024580.69454250,15205,191.50029000,11600438.35625760,0
1637195400000,60485.01000000,60625.94000000,60416.92000000,60520.00000000,289.40688000,1637196299999,17517950.38192610,9684,150.00794000,9080044.21132320,0
1637196300000,60520.00000000,60631.22000000,60450.01000000,60490.37000000,249.10449000,1637197199999,15087605.93791060,10153,136.73354000,8282157.76437600,0
1637197200000,60490.37000000,60527.50000000,60216.45000000,60227.64000000,260.37130000,1637198099999,15724819.10861090,10744,107.79464000,6510132.65015830,0
1637198100000,60227.64000000,60269.28000000,60076.98000000,60254.52000000,185.33806000,1637198999999,11153835.12270750,8975,87.89463000,5289800.16140980,0
1637199000000,60254.51000000,60976.00000000,60244.08000000,60680.01000000,1117.42949000,1637199899999,67786555.45737300,26556,520.48385000,31584878.75673150,0
1637199900000,60680.02000000,60734.47000000,60433.52000000,60569.74000000,484.76394000,1637200799999,29366769.36960440,12494,198.95259000,12050674.83824200,0
1637200800000,60569.73000000,60802.58000000,60400.00000000,60461.99000000,395.19317000,1637201699999,23953582.70337720,12292,194.59295000,11796538.89729090,0
1637201700000,60461.99000000,60522.13000000,60389.22000000,60501.92000000,296.69913000,1637202599999,17932375.35831980,8316,154.61689000,9345022.05299420,0
1637202600000,60501.93000000,60699.59000000,60421.32000000,60642.91000000,219.63299000,1637203499999,13308090.95737350,8467,123.43256000,7479025.87431480,0
1637203500000,60642.91000000,60767.37000000,60476.10000000,60655.42000000,409.24757000,1637204399999,24823006.00647510,11114,167.88877000,10182857.44331790,0
1637204400000,60655.43000000,60672.53000000,60299.18000000,60329.82000000,486.87938000,1637205299999,29433401.00963980,11994,204.68766000,12366333.26329120,0
1637205300000,60329.83000000,60400.00000000,60202.59000000,60267.21000000,478.96884000,1637206199999,28886123.00302620,12421,294.44296000,17757274.67858610,0
1637206200000,60267.22000000,60318.15000000,59998.00000000,60085.52000000,513.20412000,1637207099999,30849483.10677550,15449,250.16452000,15036570.72732870,0
1637207100000,60085.53000000,60155.54000000,59840.00000000,59840.01000000,472.85920000,1637207999999,28354438.41754040,16911,212.70948000,12754756.10298430,0
1637208000000,59840.01000000,59972.02000000,59777.14000000,59796.21000000,393.66850000,1637208899999,23571430.17148150,14235,182.24906000,10914631.00771080,0
1637208900000,59796.22000000,60096.12000000,59706.62000000,59770.99000000,893.78130000,1637209799999,53531705.97544420,28434,441.42448000,26444919.78357390,0
1637209800000,59771.00000000,59865.32000000,59631.74000000,59801.36000000,721.00290000,1637210699999,43076425.71272410,30792,363.47057000,21716507.60490990,0
1637210700000,59801.36000000,59977.97000000,59669.00000000,59676.05000000,366.68316000,1637211599999,21944116.65932580,16530,186.19248000,11142888.81267870,0
1637211600000,59676.05000000,59750.17000000,59550.15000000,59667.67000000,545.25928000,1637212499999,32523953.56265100,20751,245.01111000,14615382.48517190,0
1637212500000,59667.67000000,59816.86000000,59610.95000000,59755.93000000,341.04744000,1637213399999,20369654.01112380,17652,170.24743000,10168476.88753270,0
1637213400000,59755.93000000,59900.00000000,59744.52000000,59793.96000000,251.25187000,1637214299999,15025591.87032050,15148,122.28907000,7313207.89658160,0
1637214300000,59793.96000000,59906.85000000,59717.33000000,59801.20000000,234.61795000,1637215199999,14031248.98408440,15137,117.18668000,7008236.06907970,0
1637215200000,59801.19000000,59843.71000000,59590.01000000,59703.86000000,367.85043000,1637216099999,21965601.26847000,14269,169.98744000,10150697.17227350,0
1637216100000,59703.85000000,60035.46000000,59662.87000000,59770.46000000,340.57624000,1637216999999,20382467.68632170,15775,178.90910000,10706651.16482260,0
1637217000000,59770.47000000,59874.24000000,59661.92000000,59737.12000000,277.95092000,1637217899999,16612332.66633740,11800,141.21523000,8440425.72520730,0
1637217900000,59737.13000000,59849.99000000,59584.25000000,59827.82000000,397.97382000,1637218799999,23762785.29630560,13901,212.59287000,12695495.73782660,0
1637218800000,59827.82000000,59886.33000000,59643.01000000,59680.01000000,379.73215000,1637219699999,22683878.01561420,13675,188.62488000,11267437.49371110,0
1637219700000,59680.01000000,59754.55000000,59554.47000000,59593.39000000,382.40375000,1637220599999,22805915.37585250,12519,172.06173000,10260875.05334910,0
1637220600000,59593.39000000,59749.10000000,59500.00000000,59718.01000000,527.47833000,1637221499999,31446091.44652940,16604,258.85409000,15431701.25317970,0
1637221500000,59718.00000000,59798.99000000,59674.15000000,59734.20000000,315.99707000,1637222399999,18878752.55225070,11669,165.66621000,9897285.23105460,0
1637222400000,59734.21000000,59840.89000000,59520.02000000,59538.36000000,336.37581000,1637223299999,20060739.27030410,12504,159.19859000,9494233.79769720,0
1637223300000,59538.36000000,59793.99000000,59471.02000000,59778.14000000,280.01749000,1637224199999,16703256.40103800,11182,142.74222000,8516392.91721540,0
1637224200000,59778.13000000,59824.26000000,59509.89000000,59528.03000000,248.05271000,1637225099999,14791046.46999750,10358,107.51170000,6411457.18530150,0
1637225100000,59528.03000000,59671.15000000,59470.00000000,59659.74000000,249.88363000,1637225999999,14876992.82834630,10004,113.28951000,6745059.06197900,0
1637226000000,59659.74000000,59742.73000000,59254.99000000,59396.19000000,455.02395000,1637226899999,27050291.57268280,16817,207.93313000,12362466.13475990,0
1637226900000,59396.20000000,59474.15000000,59242.42000000,59280.55000000,341.02303000,1637227799999,20240599.96952510,14193,167.85298000,9962947.45688630,0
1637227800000,59280.56000000,59397.40000000,59075.23000000,59198.00000000,567.85663000,1637228699999,33612595.13432500,19360,268.58160000,15898885.91142640,0
1637228700000,59198.01000000,59465.49000000,58962.77000000,59274.49000000,1025.99500000,1637229599999,60724426.37250670,26933,457.14024000,27068134.94309870,0
1637229600000,59274.49000000,59551.59000000,59114.29000000,59162.78000000,500.11004000,1637230499999,29686799.46099780,16430,270.88700000,16082473.80091660,0
1637230500000,59162.78000000,59518.65000000,58981.18000000,59363.29000000,623.40537000,1637231399999,36937208.27434730,18351,383.45351000,22727708.43867690,0
1637231400000,59363.28000000,59625.99000000,59332.02000000,59582.99000000,396.14967000,1637232299999,23569599.35887680,13578,220.06271000,13092684.98131730,0
1637232300000,59582.98000000,59845.10000000,59523.37000000,59789.23000000,419.60347000,1637233199999,25032400.71313380,14237,240.53079000,14350127.08940460,0
1637233200000,59789.23000000,59970.82000000,59688.88000000,59846.53000000,453.98288000,1637234099999,27165760.11771210,15495,216.23985000,12939681.61019100,0
1637234100000,59846.53000000,59864.61000000,59664.86000000,59790.54000000,289.05472000,1637234999999,17265561.75280040,12037,156.54813000,9350448.93412640,0
1637235000000,59790.55000000,59790.55000000,59462.94000000,59494.69000000,324.18105000,1637235899999,19317608.56891170,12237,150.03187000,8940262.10030620,0
1637235900000,59497.68000000,59631.16000000,59153.05000000,59213.49000000,648.45264000,1637236799999,38517054.13567170,18589,280.73579000,16680245.60131390,0
1637236800000,59213.49000000,59513.50000000,59001.00000000,59497.93000000,835.62054000,1637237699999,49476292.45369700,25013,437.23830000,25890189.70063760,0
1637237700000,59497.93000000,59935.00000000,59287.00000000,59551.20000000,710.29569000,1637238599999,42367175.07265640,21911,419.82069000,25043634.60040790,0
1637238600000,59551.20000000,59639.54000000,59200.00000000,59308.25000000,526.93104000,1637239499999,31252822.70870200,16174,214.87902000,12751257.52789330,0
1637239500000,59308.25000000,59388.84000000,59010.00000000,59124.66000000,799.72732000,1637240399999,47320692.98443630,18707,294.70530000,17439104.78801320,0
1637240400000,59124.67000000,59344.75000000,58907.11000000,59074.50000000,576.01748000,1637241299999,34051906.91049340,17894,271.47696000,16051023.26048380,0
1637241300000,59074.50000000,59144.83000000,58740.63000000,58881.16000000,753.07929000,1637242199999,44354363.97060660,25190,341.63688000,20121867.54281850,0
1637242200000,58881.15000000,59764.59000000,58770.02000000,59462.59000000,1138.93628000,1637243099999,67657381.05961080,28365,690.09212000,40998573.64916310,0
1637243100000,59462.60000000,59509.00000000,59001.00000000,59191.62000000,765.00653000,1637243999999,45305929.48490950,16862,262.44887000,15544269.17678930,0
1637244000000,59191.64000000,59292.96000000,58909.96000000,58987.71000000,520.46222000,1637244899999,30748669.54375820,18715,250.17796000,14780091.57166050,0
1637244900000,58987.71000000,59100.00000000,58930.01000000,58930.01000000,384.24238000,1637245799999,22671640.60299010,13407,171.46953000,10118165.92127090,0
1637245800000,58930.01000000,59100.00000000,58788.14000000,58799.96000000,538.38222000,1637246699999,31723702.34915680,18017,253.59365000,14942501.15966220,0
1637246700000,58799.96000000,59129.05000000,58770.00000000,58906.65000000,612.69566000,1637247599999,36075444.18146830,18528,335.59827000,19759381.48070600,0
1637247600000,58906.26000000,59099.04000000,58592.74000000,58709.33000000,787.83547000,1637248499999,46335170.44444950,26513,344.36072000,20255952.30695200,0
1637248500000,58709.33000000,58931.85000000,57650.00000000,58823.40000000,3631.01935000,1637249399999,211397232.94457960,101842,1488.04165000,86691155.67937770,0
1637249400000,58823.41000000,59486.00000000,58561.34000000,58580.59000000,2146.41027000,1637250299999,126603156.43273300,51995,1093.47007000,64511730.63095410,0
1637250300000,58580.58000000,58689.79000000,57910.01000000,58100.04000000,1850.68257000,1637251199999,107841642.26380750,46754,833.99074000,48621043.33063900,0
1637251200000,58100.05000000,58475.00000000,57872.20000000,58398.57000000,1237.70658000,1637252099999,71945364.96196840,34050,675.50236000,39270268.84581080,0
1637252100000,58398.57000000,58486.09000000,57400.00000000,57732.00000000,2056.20851000,1637252999999,118758007.75718740,56398,872.95780000,50436325.14880250,0
1637253000000,57732.00000000,57811.71000000,57223.00000000,57489.00000000,1565.01209000,1637253899999,89987266.98384390,42869,736.31894000,42346071.67553950,0
1637253900000,57489.00000000,57708.58000000,57215.38000000,57276.90000000,1198.89757000,1637254799999,68888718.23874930,33505,598.39810000,34385343.82292870,0
1637254800000,57276.90000000,57473.98000000,56592.06000000,56778.77000000,2865.14918000,1637255699999,163258998.59481590,77060,1195.39267000,68126124.02652140,0
1637255700000,56778.76000000,57850.07000000,56778.76000000,57730.24000000,1625.20967000,1637256599999,93291715.66378330,44136,883.85812000,50735892.47397550,0
1637256600000,57730.24000000,58050.00000000,57607.00000000,57881.75000000,1210.30634000,1637257499999,70049408.78843770,34130,609.15706000,35256670.10830710,0
1637257500000,57881.75000000,58077.70000000,57500.00000000,57540.20000000,720.62658000,1637258399999,41608582.87724410,23502,327.19313000,18896183.37827550,0
1637258400000,57540.20000000,57830.94000000,57538.41000000,57658.96000000,386.84098000,1637259299999,22307897.51482070,17436,205.16104000,11830696.22474690,0
1637259300000,57658.97000000,58200.00000000,57501.00000000,57789.43000000,736.26141000,1637260199999,42527739.43809790,21319,427.87502000,24719774.09331920,0
1637260200000,57789.44000000,58085.86000000,57713.79000000,57796.45000000,438.00995000,1637261099999,25366533.11470110,15549,224.51937000,13003711.69953650,0
1637261100000,57796.45000000,58031.82000000,57756.62000000,57996.84000000,339.95524000,1637261999999,19686423.72103740,14775,175.56456000,10166685.23346310,0
1637262000000,58004.08000000,58142.04000000,57988.01000000,58118.99000000,409.73184000,1637262899999,23789603.31468140,15101,220.47994000,12801254.49800820,0
1637262900000,58119.00000000,58250.00000000,58062.98000000,58154.55000000,453.20152000,1637263799999,26359438.34074180,15718,215.96675000,12560980.92349270,0
1637263800000,58154.56000000,58328.27000000,57978.52000000,58065.79000000,587.23757000,1637264699999,34179825.98200390,18529,260.48630000,15163518.35758390,0
1637264700000,58065.79000000,58074.82000000,57744.00000000,57928.00000000,567.34362000,1637265599999,32839723.92763820,16689,271.06888000,15687783.45541870,0
1637265600000,57928.00000000,57957.75000000,57600.00000000,57822.85000000,450.61639000,1637266499999,26031842.73504870,14617,216.66332000,12517882.12225360,0
1637266500000,57822.26000000,58000.00000000,57691.23000000,57953.46000000,362.00937000,1637267399999,20958718.51890860,11902,148.42591000,8592434.84630230,0
1637267400000,57953.46000000,58074.25000000,57871.46000000,58043.63000000,365.39476000,1637268299999,21183740.24070920,12535,172.43574000,9997251.76536080,0
1637268300000,58043.62000000,58484.94000000,57933.14000000,57961.23000000,906.54943000,1637269199999,52812688.92354330,24647,491.37505000,28621626.11879670,0
1637269200000,57964.94000000,58238.09000000,57920.44000000,58099.15000000,351.83886000,1637270099999,20447123.13870210,13765,152.08825000,8837521.60298770,0
1637270100000,58099.15000000,58118.94000000,57831.57000000,57836.26000000,287.41936000,1637270999999,16660686.91444380,12510,112.63832000,6530375.13122760,0
1637271000000,57836.25000000,57926.58000000,57660.03000000,57665.29000000,295.92387000,1637271899999,17098878.96092710,12555,140.65676000,8127947.89334320,0
1637271900000,57671.26000000,57726.29000000,57400.00000000,57551.52000000,526.16033000,1637272799999,30287194.60916580,18425,257.05639000,14797899.36215380,0
1637272800000,57551.52000000,57651.68000000,56701.00000000,57258.90000000,892.61960000,1637273699999,51024855.10138210,32847,373.94500000,21382083.74133100,0
1637273700000,57252.62000000,57448.72000000,57068.74000000,57370.00000000,402.48134000,1637274599999,23050916.82072530,19440,189.44213000,10850789.95388580,0
1637274600000,57363.06000000,57649.70000000,56800.02000000,56946.51000000,428.42827000,1637275499999,24512876.76999590,20776,203.89272000,11671297.71250570,0
1637275500000,56950.01000000,57177.40000000,56525.00000000,56613.30000000,753.76592000,1637276399999,42817077.05391470,25778,354.97489000,20173066.61548440,0
1637276400000,56613.30000000,56984.25000000,56474.26000000,56600.77000000,1022.51545000,1637277299999,57923337.55653220,27786,471.13959000,26693350.40219620,0
1637277300000,56600.77000000,56960.21000000,56480.00000000,56867.60000000,590.77212000,1637278199999,33506380.45058690,18857,307.37544000,17434699.39786440,0
1637278200000,56867.59000000,56987.57000000,56562.77000000,56686.58000000,430.89080000,1637279099999,24446187.14773080,16169,224.53173000,12738070.72754810,0
1637279100000,56686.59000000,56985.73000000,56493.62000000,56891.62000000,509.18403000,1637279999999,28913103.97285260,13951,235.72522000,13386366.20744440,0
1637280000000,56891.62000000,57376.61000000,56674.00000000,57281.23000000,973.39133000,1637280899999,55518588.74843650,27782,464.09557000,26474539.07606680,0
1637280900000,57281.23000000,57380.73000000,56902.10000000,57051.15000000,388.50654000,1637281799999,22182088.64284870,16527,207.34128000,11837141.42421250,0
1637281800000,57051.14000000,57490.00000000,56937.01000000,57468.32000000,660.31089000,1637282699999,37827511.81892420,21932,314.44337000,18011306.24409030,0
1637282700000,57468.32000000,57500.00000000,57209.75000000,57486.87000000,505.30395000,1637283599999,28986429.76235780,16036,234.85586000,13474525.68175680,0
1637283600000,57486.87000000,57517.14000000,57116.57000000,57299.96000000,417.02425000,1637284499999,23896503.81993770,13288,211.52313000,12121713.20388220,0
1637284500000,57299.96000000,57356.93000000,56945.60000000,56945.60000000,501.57969000,1637285399999,28657727.71408760,13949,234.16999000,13381055.13325680,0
1637285400000,56945.61000000,57109.16000000,56764.71000000,56786.94000000,357.25023000,1637286299999,20347434.44403020,12710,189.49377000,10793202.57887010,0
1637286300000,56786.93000000,56899.95000000,56625.80000000,56694.97000000,516.46583000,1637287199999,29305318.77715890,17541,263.28252000,14938240.51069280,0
1637287200000,56694.96000000,56861.76000000,56370.00000000,56807.32000000,746.93417000,1637288099999,42310818.46973240,20413,352.40085000,19967405.13661480,0
1637288100000,56807.33000000,56943.00000000,56541.30000000,56594.83000000,473.93210000,1637288999999,26907986.97393450,15296,240.15765000,13638171.94908470,0
1637289000000,56594.83000000,56644.96000000,56153.71000000,56242.69000000,834.58392000,1637289899999,47090736.95023130,22578,393.27851000,22202310.44320540,0
1637289900000,56242.69000000,56381.09000000,55822.92000000,56101.79000000,1844.12831000,1637290799999,103373734.94072680,42985,825.56158000,46279186.85648750,0
1637290800000,56106.34000000,56212.64000000,55922.57000000,56150.21000000,628.22722000,1637291699999,35235617.56719110,17259,337.43636000,18926060.44419050,0
1637291700000,56150.21000000,56164.69000000,55832.46000000,55903.60000000,814.12221000,1637292599999,45546571.88503770,19469,357.68104000,20009508.60367660,0
1637292600000,55903.60000000,55972.31000000,55600.00000000,55665.99000000,1009.54288000,1637293499999,56331045.96237130,24067,460.32596000,25686821.86171490,0
1637293500000,55672.01000000,55900.00000000,55600.00000000,55900.00000000,591.82079000,1637294399999,32991044.40043570,16766,304.03687000,16949654.52611820,0
1637294400000,55900.00000000,56025.10000000,55817.79000000,55926.77000000,534.68555000,1637295299999,29906130.07120170,16934,260.23195000,14556413.59626220,0
1637295300000,55926.77000000,56136.98000000,55901.71000000,56083.20000000,393.97681000,1637296199999,22085135.06393200,14185,210.75857000,11813965.92300630,0
1637296200000,56083.20000000,56230.68000000,55990.00000000,56123.18000000,557.73955000,1637297099999,31284450.98414140,12471,290.60333000,16297904.37726530,0
1637297100000,56123.18000000,56313.00000000,56072.52000000,56251.65000000,488.52816000,1637297999999,27451845.71640100,11322,197.85827000,11115809.96609600,0
1637298000000,56251.65000000,56362.70000000,56214.35000000,56317.99000000,535.52452000,1637298899999,30144270.71364510,13957,293.14418000,16500932.25875670,0
1637298900000,56318.00000000,56327.65000000,56017.87000000,56051.26000000,493.99041000,1637299799999,27739401.26980970,10785,146.67056000,8235555.00787470,0
1637299800000,56051.26000000,56450.00000000,56049.05000000,56380.27000000,564.56431000,1637300699999,31795435.50305840,15480,296.82976000,16717783.20775110,0
1637300700000,56377.61000000,56498.00000000,56347.41000000,56404.75000000,396.18565000,1637301599999,22352985.76868850,12360,174.24977000,9831942.48408360,0
1637301600000,56404.75000000,56460.03000000,56269.94000000,56351.40000000,474.99440000,1637302499999,26772960.15518360,14502,188.12783000,10604045.61682960,0
1637302500000,56351.39000000,56424.05000000,56225.89000000,56337.34000000,338.58593000,1637303399999,19067807.54768890,12094,148.47392000,8361290.21478470,0
1637303400000,56337.34000000,56419.52000000,56149.40000000,56178.91000000,381.17198000,1637304299999,21453911.11662690,12022,167.29576000,9416307.61950040,0
1637304300000,56178.91000000,56339.97000000,56111.70000000,56284.49000000,362.83815000,1637305199999,20400867.22450570,12059,181.70344000,10216428.55922420,0
1637305200000,56284.49000000,56442.72000000,56053.00000000,56070.98000000,401.69796000,1637306099999,22588507.68394190,14093,189.23908000,10643729.14793280,0
1637306100000,56070.97000000,56160.00000000,55920.00000000,56029.20000000,527.52451000,1637306999999,29563041.27488180,14485,252.48772000,14150144.89089570,0
1637307000000,56037.38000000,56089.00000000,55869.32000000,56034.46000000,446.61438000,1637307899999,24992155.14145500,13494,210.15967000,11761083.66724920,0
1637307900000,56040.00000000,56066.54000000,55853.70000000,55987.83000000,444.72818000,1637308799999,24883626.01444970,13658,187.80015000,10507711.42629300,0
1637308800000,55987.83000000,56415.69000000,55986.05000000,56377.79000000,518.24562000,1637309699999,29105972.81419830,16271,260.64119000,14639737.46206140,0
1637309700000,56377.79000000,57373.72000000,56377.79000000,57358.37000000,1269.81802000,1637310599999,72344364.35238590,37215,667.97437000,38051115.54114440,0
1637310600000,57358.36000000,57394.28000000,57115.56000000,57198.73000000,691.90264000,1637311499999,39603048.96465990,19769,305.96466000,17512175.13478190,0
1637311500000,57198.73000000,57308.97000000,56968.41000000,57024.56000000,643.05638000,1637312399999,36716083.17685150,17251,282.81666000,16146140.73754660,0
1637312400000,57024.55000000,57199.99000000,57002.56000000,57198.26000000,388.75904000,1637313299999,22197634.54617480,15812,207.81483000,11865785.75188110,0
1637313300000,57198.27000000,57487.20000000,57100.00000000,57126.00000000,765.96279000,1637314199999,43903607.17745900,21300,423.85944000,24297844.14558110,0
1637314200000,57126.01000000,57210.12000000,57039.60000000,57185.84000000,629.15865000,1637315099999,35931940.18008450,21774,303.02107000,17306107.15142660,0
1637315100000,57185.84000000,57194.20000000,56945.24000000,56989.77000000,550.77156000,1637315999999,31436064.65287950,17503,224.40789000,12807685.43614620,0
1637316000000,56989.78000000,57043.86000000,56780.00000000,56789.24000000,519.91647000,1637316899999,29571007.47565750,16924,232.50391000,13223415.45365040,0
1637316900000,56789.24000000,56904.46000000,56682.75000000,56886.87000000,441.39872000,1637317799999,25074769.81570680,15307,210.62128000,11965351.76024760,0
1637317800000,56886.88000000,56899.63000000,56727.10000000,56789.52000000,503.34620000,1637318699999,28595741.80819830,13998,265.46730000,15080734.83689300,0
1637318700000,56789.52000000,56908.78000000,56749.63000000,56882.76000000,337.24537000,1637319599999,19160906.55688260,12069,164.92739000,9370614.83364550,0
1637319600000,56882.76000000,57185.61000000,56543.00000000,56592.26000000,624.74725000,1637320499999,35538055.75339650,18230,311.74235000,17740553.02826200,0
1637320500000,56592.26000000,56734.64000000,56480.59000000,56645.10000000,416.04081000,1637321399999,23561169.30693800,14190,192.92706000,10927246.39015280,0
1637321400000,56645.09000000,57100.00000000,56590.19000000,56906.03000000,526.13914000,1637322299999,29887903.36092890,16299,277.07902000,15740505.02818260,0
1637322300000,56907.37000000,57009.99000000,56721.01000000,56989.59000000,404.50941000,1637323199999,22992000.97705620,13319,190.94138000,10854385.13547110,0
1637323200000,56987.25000000,57243.84000000,56878.67000000,57208.59000000,575.51679000,1637324099999,32854834.85107940,18729,311.81467000,17803951.13592860,0
1637324100000,57208.59000000,57349.07000000,57101.00000000,57314.70000000,535.62560000,1637324999999,30651521.04014910,17210,292.87748000,16761268.76497470,0
1637325000000,57317.57000000,57339.99000000,57168.37000000,57202.31000000,406.60331000,1637325899999,23277286.48404390,14752,176.11598000,10082440.36539020,0
1637325900000,57202.29000000,57285.09000000,56838.43000000,56876.39000000,581.29552000,1637326799999,33173389.12837300,18049,225.31321000,12861316.68871960,0
1637326800000,56875.73000000,57066.02000000,56700.00000000,57050.00000000,500.12659000,1637327699999,28440562.10802650,18900,243.32414000,13838285.70759260,0
1637327700000,57050.00000000,57500.00000000,56919.62000000,57333.62000000,665.31624000,1637328599999,38092291.27828820,21625,356.09817000,20390519.26741750,0
1637328600000,57333.61000000,57648.42000000,57279.80000000,57474.46000000,1046.95130000,1637329499999,60203732.70762110,23968,511.83121000,29432434.32776600,0
1637329500000,57474.47000000,57697.30000000,57474.14000000,57605.78000000,911.44589000,1637330399999,52508170.86074400,23795,372.07306000,21434768.78912250,0
1637330400000,57605.77000000,58000.00000000,57586.82000000,57923.26000000,1102.21802000,1637331299999,63679976.74771360,27900,549.29915000,31743972.19503440,0
1637331300000,57923.26000000,57976.43000000,57646.51000000,57715.25000000,588.06117000,1637332199999,34007765.02067210,21802,286.94060000,16595263.69867210,0
1637332200000,57715.25000000,57812.59000000,57525.76000000,57799.99000000,570.73177000,1637333099999,32906770.84730020,18940,249.81294000,14408877.15973660,0
1637333100000,57799.99000000,58087.00000000,57752.85000000,57994.61000000,806.94955000,1637333999999,46733366.22174910,27373,453.44454000,26264558.76465220,0
1637334000000,57994.61000000,58029.35000000,57613.96000000,57726.25000000,699.79646000,1637334899999,40449820.31996780,23378,295.05018000,17056375.27388570,0
1637334900000,57726.25000000,57912.69000000,57646.58000000,57770.90000000,618.79146000,1637335799999,35751006.25335200,17290,280.76070000,16225673.00490540,0
1637335800000,57770.91000000,58000.00000000,57684.51000000,57953.43000000,438.43883000,1637336699999,25354580.12912950,15793,208.84331000,12077710.64082410,0
1637336700000,57953.42000000,58173.94000000,57847.41000000,57887.98000000,785.78920000,1637337599999,45574308.39429440,22174,317.59674000,18419195.29746690,0
1637337600000,57887.96000000,58096.56000000,57803.00000000,57951.94000000,852.64985000,1637338499999,49439321.30474340,23022,346.86434000,20110144.35738960,0
1637338500000,57951.94000000,58050.00000000,57734.13000000,57773.17000000,723.13157000,1637339399999,41883360.23642960,20836,325.40971000,18848543.85345920,0
1637339400000,57773.17000000,58174.43000000,57773.17000000,57945.95000000,898.84255000,1637340299999,52084921.35424190,18732,530.44654000,30743845.11487370,0
1637340300000,57945.94000000,58229.00000000,57834.48000000,58151.12000000,627.98889000,1637341199999,36456519.62045500,18536,328.88286000,19096617.41813770,0
1637341200000,58151.13000000,58288.00000000,58106.59000000,58240.29000000,594.64550000,1637342099999,34614498.74638950,20732,298.99887000,17405170.63611990,0
1637342100000,58240.29000000,58320.00000000,58050.00000000,58303.00000000,646.40185000,1637342999999,37614795.49410810,20451,307.78688000,17912387.60784270,0
1637343000000,58303.01000000,58313.00000000,58000.00000000,58096.54000000,477.93718000,1637343899999,27795219.01460540,16661,217.24145000,12635033.42357100,0
1637343900000,58104.95000000,58172.18000000,57932.96000000,57971.77000000,407.88322000,1637344799999,23670236.16387690,13938,176.11254000,10220568.03708310,0
1637344800000,57971.77000000,58078.00000000,57900.00000000,58030.01000000,393.63825000,1637345699999,22829814.55872170,13520,170.41621000,9883126.62136960,0
1637345700000,58030.00000000,58077.99000000,57825.00000000,57861.93000000,320.31129000,1637346599999,18557603.30350250,12059,145.88643000,8452054.22732800,0
1637346600000,57861.93000000,57922.68000000,57766.00000000,57866.53000000,404.02151000,1637347499999,23368509.82721890,13254,214.90582000,12430080.81900890,0
1637347500000,57866.52000000,57914.12000000,57766.01000000,57879.47000000,308.24804000,1637348399999,17836931.17855920,11338,129.68970000,7504731.64972660,0
1637348400000,57879.46000000,57979.91000000,57830.22000000,57954.99000000,361.47068000,1637349299999,20929677.73740440,12348,150.54982000,8716993.83559440,0
1637349300000,57955.00000000,57963.39000000,57848.00000000,57852.08000000,261.77722000,1637350199999,15158156.94994590,10624,113.72746000,6585538.55380410,0
1637350200000,57852.07000000,57865.05000000,57599.57000000,57795.66000000,420.07864000,1637351099999,24270228.12522380,13480,162.04646000,9363048.21217940,0
1637351100000,57795.66000000,58084.54000000,57794.51000000,58033.05000000,309.08924000,1637351999999,17908905.72314670,11782,152.49098000,8835571.86998780,0
1637352000000,58033.06000000,58118.37000000,57900.01000000,57922.03000000,339.29864000,1637352899999,19683636.29740090,12377,155.91796000,9046559.26599340,0
1637352900000,57922.02000000,57929.89000000,57738.70000000,57766.02000000,280.96606000,1637353799999,16249712.95118970,10743,117.99065000,6824804.08678070,0
1637353800000,57761.35000000,57950.00000000,57680.01000000,57920.44000000,324.38958000,1637354699999,18739499.41830110,11140,150.47563000,8693681.53663000,0
1637354700000,57920.43000000,58029.82000000,57760.30000000,57767.88000000,330.78582000,1637355599999,19159060.96437070,11103,155.10340000,8985602.66592850,0
1637355600000,57767.87000000,57800.63000000,57531.13000000,57641.81000000,477.88377000,1637356499999,27548526.18166190,14209,188.70466000,10879053.51992820,0
1637356500000,57641.82000000,57795.08000000,57639.87000000,57689.25000000,235.74290000,1637357399999,13609171.64025650,9470,103.54475000,5977495.95640780,0
1637357400000,57689.25000000,57899.42000000,57685.97000000,57852.75000000,229.80802000,1637358299999,13285872.71999170,8697,107.62322000,6221485.38836220,0
1637358300000,57852.76000000,57943.24000000,57763.41000000,57806.94000000,168.20699000,1637359199999,9732050.66876620,7184,67.90689000,3929241.10132530,0
1637359200000,57806.94000000,57959.36000000,57780.01000000,57902.44000000,178.06332000,1637360099999,10303895.94579860,9676,102.30808000,5919917.24979730,0
1637360100000,57902.44000000,58000.00000000,57787.82000000,57934.84000000,204.80987000,1637360999999,11857721.58375900,10428,94.37954000,5465229.16874440,0
1637361000000,57934.99000000,57940.83000000,57769.48000000,57790.88000000,140.42332000,1637361899999,8127179.06430100,7184,49.98298000,2892863.11220700,0
1637361900000,57790.89000000,57844.97000000,57690.02000000,57813.57000000,214.31778000,1637362799999,12380461.25067820,8016,104.30671000,6025197.12867960,0
1637362800000,57813.57000000,58058.11000000,57723.29000000,58009.48000000,292.64059000,1637363699999,16934549.71273720,10495,158.32378000,9163451.03081750,0
1637363700000,58009.49000000,58059.57000000,57855.10000000,57928.83000000,261.74389000,1637364599999,15173964.19059700,10151,124.29567000,7205750.20033450,0
1637364600000,57928.82000000,57941.95000000,57773.72000000,57824.90000000,158.73273000,1637365499999,9181374.45662520,8486,65.97999000,3816313.18949020,0
1637365500000,57824.89000000,58120.00000000,57814.21000000,58052.24000000,198.80797000,1637366399999,11533254.08675070,8379,114.36162000,6633756.85093950,0
1637366400000,58057.10000000,58527.90000000,57932.61000000,58454.07000000,711.56502000,1637367299999,41453334.25832120,24005,412.10866000,24012899.75493850,0
1637367300000,58454.08000000,58563.33000000,58351.85000000,58424.14000000,388.53606000,1637368199999,22717773.07971510,14957,177.61098000,10384464.22696590,0
1637368200000,58424.14000000,58486.23000000,58085.25000000,58292.68000000,282.21426000,1637369099999,16437339.07668500,12347,134.37001000,7827554.59067270,0
1637369100000,58292.68000000,58340.22000000,58156.20000000,58233.37000000,183.57664000,1637369999999,10693244.65241330,8584,82.85121000,4825961.69648960,0
1637370000000,58233.37000000,58559.11000000,58169.33000000,58522.52000000,394.35782000,1637370899999,23032015.07083520,12092,246.40170000,14394022.07136810,0
1637370900000,58522.52000000,58835.91000000,58448.61000000,58739.86000000,554.63474000,1637371799999,32553049.65492460,18184,304.07346000,17845601.68853060,0
1637371800000,58739.86000000,58854.99000000,58655.23000000,58705.35000000,368.33295000,1637372699999,21639680.51865540,13133,171.26891000,10062255.44734910,0
1637372700000,58705.36000000,58864.13000000,58623.47000000,58790.94000000,336.33462000,1637373599999,19770832.36562830,11541,163.37029000,9603171.16721110,0
1637373600000,58790.94000000,58900.00000000,58742.60000000,58829.27000000,359.70664000,1637374499999,21158746.40766440,12879,180.12661000,10596406.95216470,0
1637374500000,58829.28000000,58979.97000000,58804.99000000,58816.99000000,474.95019000,1637375399999,27970703.11409910,13672,231.23166000,13618748.41413650,0
1637375400000,58816.99000000,58853.29000000,58736.66000000,58749.99000000,301.94598000,1637376299999,17750856.77689470,10371,144.29422000,8482821.14464130,0
1637376300000,58749.99000000,58878.61000000,58730.00000000,58784.38000000,320.28332000,1637377199999,18831390.61993770,10511,160.91280000,9460213.49427070,0
1637377200000,58784.38000000,58839.76000000,58673.44000000,58676.38000000,317.98033000,1637378099999,18681024.98530000,11943,138.64856000,8145590.80388870,0
1637378100000,58676.38000000,58789.45000000,58614.34000000,58640.00000000,340.77972000,1637378999999,19999091.46109640,9878,130.71266000,7670762.14777240,0
1637379000000,58640.00000000,58687.74000000,58447.17000000,58531.89000000,412.87950000,1637379899999,24180855.13337570,12191,190.83882000,11176505.57919570,0
1637379900000,58531.89000000,58586.47000000,58431.57000000,58513.10000000,351.32865000,1637380799999,20557775.79026910,10431,159.93152000,9358277.20771490,0
1637380800000,58513.10000000,58553.27000000,58355.87000000,58429.36000000,372.19179000,1637381699999,21752886.95926420,11893,166.43887000,9726751.42990850,0
1637381700000,58429.37000000,58474.46000000,58344.45000000,58401.74000000,212.04882000,1637382599999,12390444.69929160,8009,102.90667000,6013156.47295610,0
1637382600000,58400.00000000,58528.67000000,58381.67000000,58460.38000000,209.30757000,1637383499999,12233055.15342550,8784,111.66309000,6526540.36895830,0
1637383500000,58460.38000000,58596.78000000,58347.82000000,58486.71000000,247.41094000,1637384399999,14466671.84307880,8262,110.75870000,6476635.33828060,0
1637384400000,58486.71000000,58556.62000000,58360.20000000,58362.38000000,191.97022000,1637385299999,11228274.56500380,8902,84.51430000,4943444.16193650,0
1637385300000,58362.38000000,58423.90000000,58230.00000000,58406.84000000,296.09988000,1637386199999,17269119.65032480,10226,111.73115000,6517677.24353990,0
1637386200000,58406.84000000,58556.08000000,58387.40000000,58528.00000000,195.90533000,1637387099999,11462609.36054020,8339,97.24565000,5689847.96638170,0
1637387100000,58528.00000000,58535.23000000,58332.11000000,58400.07000000,257.66007000,1637387999999,15057028.96017760,8109,119.40128000,6977087.62463790,0
1637388000000,58400.07000000,58479.03000000,58306.48000000,58462.73000000,150.34484000,1637388899999,8778975.52460220,7471,69.06517000,4032926.78483080,0
1637388900000,58462.73000000,58849.63000000,58460.02000000,58616.98000000,420.98135000,1637389799999,24707222.14680230,12870,241.59985000,14181847.65766140,0
1637389800000,58616.98000000,58817.16000000,58515.82000000,58529.01000000,296.87005000,1637390699999,17408598.03748140,9950,130.10998000,7630404.82160330,0
1637390700000,58529.01000000,58645.49000000,58429.00000000,58635.06000000,252.49609000,1637391599999,14777922.81345080,8573,112.74811000,6598980.58935390,0
1637391600000,58635.07000000,58700.00000000,58571.10000000,58659.98000000,178.20856000,1637392499999,10446938.68525980,8895,82.00126000,4807001.56114870,0
1637392500000,58659.98000000,58664.15000000,58436.47000000,58458.30000000,246.75441000,1637393399999,14441691.17382450,8184,76.76783000,4493991.18668680,0
1637393400000,58458.31000000,58563.81000000,58435.01000000,58543.00000000,169.03964000,1637394299999,9888776.76507360,8643,85.50929000,5002413.10567400,0
1637394300000,58543.00000000,58551.34000000,58350.01000000,58380.06000000,278.30491000,1637395199999,16256628.72431890,9893,117.21675000,6846743.07987000,0
1637395200000,58380.06000000,58419.13000000,58315.75000000,58344.78000000,227.11330000,1637396099999,13255399.43101410,9207,114.83221000,6701628.23759850,0
